City_ID,City,Country,Date,Lat,Lng,Max Temp,Humidity,Cloudiness,Wind Speed
0,Kruisfontein,ZA,2021-02-02 23:17:19,-34.0033,24.7314,66.99,84,0,1.01
1,Adrar,MR,2021-02-02 23:18:11,20.5022,-10.0711,70.39,22,89,8.41
2,Gandajika,CD,2021-02-02 23:18:11,-6.75,23.95,65.39,93,59,2.75
3,Dehui,CN,2021-02-02 23:18:11,44.5333,125.7,-11.2,58,0,8.95
4,Kodiak,US,2021-02-02 23:14:29,57.79,-152.4072,35.6,80,90,14.97
5,Hobart,AU,2021-02-02 23:16:28,-42.8794,147.3294,62.01,63,75,3.44
6,Albany,US,2021-02-02 23:17:50,42.6001,-73.9662,26.01,87,100,12.84
7,Russellville,US,2021-02-02 23:16:07,35.2784,-93.1338,50.0,46,1,4.61
8,Saint George,US,2021-02-02 23:18:11,37.1041,-113.5841,66.2,39,90,2.64
9,Leningradskiy,RU,2021-02-02 23:18:11,69.3833,178.4167,-4.38,87,100,17.36
10,Chilca,PE,2021-02-02 23:18:12,-12.5211,-76.7372,73.99,73,0,9.22
11,Los Llanos De Aridane,ES,2021-02-02 23:15:22,28.6585,-17.9182,64.4,72,90,10.36
12,Butaritari,KI,2021-02-02 23:15:03,3.0707,172.7902,81.95,84,84,18.37
13,Haines Junction,CA,2021-02-02 23:18:12,60.7522,-137.5108,-5.8,45,70,2.3
14,Raymondville,US,2021-02-02 23:18:12,26.4815,-97.7831,71.6,30,1,5.75
15,Atuona,PF,2021-02-02 23:18:12,-9.8,-139.0333,78.37,74,2,13.78
16,Bambous Virieux,MU,2021-02-02 23:18:12,-20.3428,57.7575,79.0,78,40,6.91
17,Nome,US,2021-02-02 23:13:16,64.5011,-165.4064,12.2,57,40,14.97
18,Ponta Do Sol,PT,2021-02-02 23:18:12,32.6667,-17.1,60.01,74,62,1.99
19,Vaini,TO,2021-02-02 23:18:12,-21.2,-175.2,82.4,89,75,8.05
20,Jamestown,US,2021-02-02 23:14:11,42.097,-79.2353,26.01,93,90,13.8
21,Ostrovnoy,RU,2021-02-02 23:18:13,68.0531,39.5131,25.2,94,100,17.4
22,Kavaratti,IN,2021-02-02 23:18:13,10.5669,72.642,80.64,70,3,1.92
23,Port Macquarie,AU,2021-02-02 23:18:13,-31.4333,152.9167,77.0,60,16,1.99
24,Castro,BR,2021-02-02 23:18:13,-24.7911,-50.0119,68.99,90,85,2.28
25,Kapaa,US,2021-02-02 23:18:13,22.0752,-159.319,78.8,69,20,18.41
26,Bluff,NZ,2021-02-02 23:14:24,-46.6,168.3333,60.85,84,85,15.88
27,Ende,ID,2021-02-02 23:18:13,-8.8432,121.6623,80.31,75,97,3.74
28,Punta Arenas,CL,2021-02-02 23:18:06,-53.15,-70.9167,60.8,63,75,29.93
29,Rikitea,PF,2021-02-02 23:18:14,-23.1203,-134.9692,78.6,75,51,15.64
30,North Bend,US,2021-02-02 23:18:14,43.4065,-124.2243,51.8,66,20,11.5
31,Roald,NO,2021-02-02 23:18:14,62.5833,6.1333,24.8,80,0,9.22
32,Khandyga,RU,2021-02-02 23:18:14,62.6667,135.6,-47.09,77,100,2.3
33,East London,ZA,2021-02-02 23:18:14,-33.0153,27.9116,70.5,79,93,12.68
34,Coquimbo,CL,2021-02-02 23:18:14,-29.9533,-71.3436,62.6,77,0,11.5
35,San Cristobal,VE,2021-02-02 23:18:14,7.7669,-72.225,86.0,54,20,6.91
36,Mayo,US,2021-02-02 23:18:14,38.8876,-76.5119,35.01,75,90,14.97
37,Ostersund,SE,2021-02-02 23:18:15,63.1792,14.6357,5.0,92,90,3.78
38,Ushuaia,AR,2021-02-02 23:16:30,-54.8,-68.3,55.4,71,75,26.46
39,Upernavik,GL,2021-02-02 23:18:15,72.7868,-56.1549,-6.74,87,100,3.87
40,Muravlenko,RU,2021-02-02 23:15:23,63.7898,74.523,8.19,96,91,12.48
41,Broome,US,2021-02-02 23:18:15,42.2506,-75.833,26.01,86,90,10.36
42,Sitka,US,2021-02-02 23:16:20,57.0531,-135.33,37.4,60,20,5.75
43,Natal,BR,2021-02-02 23:13:30,-5.795,-35.2094,80.6,74,20,12.66
44,Tazovskiy,RU,2021-02-02 23:18:15,67.4667,78.7,-4.05,92,92,11.14
45,Busselton,AU,2021-02-02 23:18:15,-33.65,115.3333,68.0,79,52,3.0
46,Severo-Kurilsk,RU,2021-02-02 23:18:01,50.6789,156.125,23.16,93,85,49.88
47,Airai,TL,2021-02-02 23:18:16,-8.9266,125.4092,63.68,100,100,2.15
48,Qaanaaq,GL,2021-02-02 23:18:16,77.484,-69.3632,-12.01,84,100,0.74
49,Gazli,UZ,2021-02-02 23:18:16,40.1333,63.45,41.85,79,0,7.05
50,Hermanus,ZA,2021-02-02 23:18:16,-34.4187,19.2345,60.01,92,0,6.26
51,Praia,CV,2021-02-02 23:18:16,14.9215,-23.5087,69.8,73,0,14.97
52,Mahebourg,MU,2021-02-02 23:18:08,-20.4081,57.7,78.8,78,40,6.91
53,Aykhal,RU,2021-02-02 23:14:50,66.0,111.5,-24.43,83,100,11.79
54,Gusau,NG,2021-02-02 23:18:17,12.1628,6.6614,72.3,19,0,10.02
55,Comodoro Rivadavia,AR,2021-02-02 23:18:17,-45.8667,-67.5,78.8,31,0,9.22
56,Mataura,NZ,2021-02-02 23:18:17,-46.1927,168.8643,64.0,71,96,5.26
57,Marystown,CA,2021-02-02 23:18:17,47.1666,-55.1483,29.95,94,100,19.95
58,College,US,2021-02-02 23:18:17,64.8569,-147.8028,-7.6,64,20,5.75
59,Abomey,BJ,2021-02-02 23:18:17,7.1829,1.9912,79.05,76,0,7.07
60,Cabo San Lucas,MX,2021-02-02 23:17:57,22.8909,-109.9124,79.0,50,40,8.05
61,Bud,US,2021-02-02 23:18:17,39.447,-86.1758,28.99,85,99,12.17
62,Provideniya,RU,2021-02-02 23:18:18,64.3833,-173.3,6.48,90,100,20.56
63,Shubarshi,KZ,2021-02-02 23:18:18,48.5872,57.1869,30.9,96,100,11.56
64,Mangrol,IN,2021-02-02 23:18:18,21.1167,70.1167,69.94,49,0,9.91
65,Quatre Cocos,MU,2021-02-02 23:18:18,-20.2078,57.7625,79.0,78,40,6.91
66,Lodingen,NO,2021-02-02 23:18:18,68.414,15.9951,18.0,85,92,3.44
67,Verkhoyansk,RU,2021-02-02 23:18:18,67.5447,133.385,-38.06,79,100,3.18
68,Barrow,US,2021-02-02 23:18:18,71.2906,-156.7887,-23.8,69,1,13.8
69,Kupang,ID,2021-02-02 23:18:18,-10.1667,123.5833,75.2,100,40,4.61
70,Betanzos,ES,2021-02-02 23:18:18,43.2804,-8.2147,57.99,94,75,10.36
71,Esmeraldas,BR,2021-02-02 23:18:19,-19.7625,-44.3139,80.6,54,0,9.22
72,Jimenez,MX,2021-02-02 23:18:19,28.3333,-105.4,68.0,26,75,4.61
73,Poum,NC,2021-02-02 23:18:19,-20.2333,164.0167,77.74,80,100,24.99
74,Fukuma,JP,2021-02-02 23:18:19,33.7667,130.4667,39.2,56,75,5.75
75,Mersing,MY,2021-02-02 23:18:19,2.4312,103.8405,78.8,83,97,11.5
76,Ulcinj,ME,2021-02-02 23:18:19,41.9294,19.2244,42.8,100,30,2.3
77,Zubtsov,RU,2021-02-02 23:18:19,56.1753,34.5894,15.26,95,100,7.72
78,Port Alfred,ZA,2021-02-02 23:18:19,-33.5906,26.891,66.0,91,13,1.01
79,Matagami,CA,2021-02-02 23:18:19,49.7502,-77.6328,14.0,92,90,10.36
80,Sabzevar,IR,2021-02-02 23:18:19,36.2126,57.6819,42.35,60,0,5.12
81,Mar Del Plata,AR,2021-02-02 23:14:39,-38.0023,-57.5575,66.99,82,0,9.22
82,Saint-Philippe,RE,2021-02-02 23:18:20,-21.3585,55.7679,78.8,73,75,5.75
83,Zhaoyuan,CN,2021-02-02 23:18:20,37.3592,120.3964,26.01,66,0,9.89
84,George,ZA,2021-02-02 23:18:20,-33.963,22.4617,64.4,72,0,3.44
85,Sundargarh,IN,2021-02-02 23:18:20,22.1167,84.0333,52.57,42,0,4.0
86,Melito Di Porto Salvo,IT,2021-02-02 23:18:20,37.9222,15.7714,54.0,87,75,6.91
87,Daru,PG,2021-02-02 23:16:19,-9.0763,143.2092,80.35,83,50,14.12
88,Torbay,CA,2021-02-02 23:18:20,47.6666,-52.7314,28.99,80,90,10.36
89,Norman Wells,CA,2021-02-02 23:18:20,65.282,-126.8329,-18.4,69,75,8.05
90,Emba,KZ,2021-02-02 23:18:20,48.8264,58.1442,31.37,97,100,11.3
91,Half Moon Bay,US,2021-02-02 23:15:46,37.4636,-122.4286,60.8,82,20,4.61
92,Georgetown,MY,2021-02-02 23:18:21,5.4112,100.3354,78.01,88,20,6.29
93,Kahului,US,2021-02-02 23:18:21,20.8947,-156.47,78.8,61,20,13.8
94,Toppenish,US,2021-02-02 23:18:21,46.3774,-120.3087,48.0,52,5,22.24
95,Chokurdakh,RU,2021-02-02 23:17:51,70.6333,147.9167,-9.83,89,48,6.98
96,Yellowknife,CA,2021-02-02 23:15:05,62.456,-114.3525,-11.0,70,75,12.66
97,Pitimbu,BR,2021-02-02 23:18:21,-7.4706,-34.8086,80.6,78,0,8.05
98,Puerto Ayora,EC,2021-02-02 23:18:21,-0.7393,-90.3518,84.2,70,0,17.27
99,Kamenka,RU,2021-02-02 23:18:21,51.3223,42.7678,33.01,97,100,5.01
100,Hovd,MN,2021-02-02 23:18:21,48.0056,91.6419,3.29,86,76,1.32
101,Fort Nelson,CA,2021-02-02 23:18:22,58.8053,-122.7002,-7.6,71,90,10.36
102,Nikolskoye,RU,2021-02-02 23:18:22,59.7035,30.7861,23.0,86,90,11.18
103,Charters Towers,AU,2021-02-02 23:18:22,-20.1,146.2667,80.74,62,0,6.4
104,Grand Gaube,MU,2021-02-02 23:14:33,-20.0064,57.6608,79.0,76,12,5.01
105,Husavik,IS,2021-02-02 23:18:22,66.0449,-17.3389,12.2,73,0,5.75
106,Qaqortoq,GL,2021-02-02 23:18:22,60.7167,-46.0333,23.0,54,40,3.44
107,Fraga,ES,2021-02-02 23:18:22,41.5229,0.3489,51.8,82,0,5.75
108,Chabahar,IR,2021-02-02 23:18:22,25.2919,60.643,68.79,57,0,7.63
109,Sangar,RU,2021-02-02 23:18:23,63.9242,127.4739,-42.38,80,100,4.74
110,Boshnyakovo,RU,2021-02-02 23:18:23,49.6333,142.1667,-20.15,87,95,8.3
111,Vanimo,PG,2021-02-02 23:14:55,-2.6741,141.3028,77.45,87,100,8.5
112,Aksu,CN,2021-02-02 23:18:23,41.1231,80.2644,24.35,78,0,4.29
113,Ucluelet,CA,2021-02-02 23:17:05,48.9329,-125.5528,46.0,81,90,13.8
114,Soyo,AO,2021-02-02 23:18:23,-6.1349,12.3689,79.3,81,100,6.71
115,Arraial Do Cabo,BR,2021-02-02 23:18:10,-22.9661,-42.0278,78.8,78,0,12.66
116,Nouakchott,MR,2021-02-02 23:18:23,18.0858,-15.9785,69.8,52,0,10.36
117,Tuatapere,NZ,2021-02-02 23:18:23,-46.1333,167.6833,66.16,68,91,6.26
118,Port Elizabeth,ZA,2021-02-02 23:18:24,-33.918,25.5701,66.2,88,0,6.91
119,New Norfolk,AU,2021-02-02 23:18:24,-42.7826,147.0587,62.01,55,98,1.99
120,Cape Town,ZA,2021-02-02 23:18:02,-33.9258,18.4232,69.01,82,0,16.11
121,Pisco,PE,2021-02-02 23:14:23,-13.7,-76.2167,73.4,68,0,17.27
122,Ino,JP,2021-02-02 23:14:07,33.55,133.4333,32.0,69,20,5.75
123,Tuktoyaktuk,CA,2021-02-02 23:18:24,69.4541,-133.0374,-34.6,74,1,3.44
124,Hithadhoo,MV,2021-02-02 23:18:24,-0.6,73.0833,81.82,72,77,3.91
125,Chuy,UY,2021-02-02 23:18:24,-33.6971,-53.4616,73.18,88,54,6.62
126,Lichuan,CN,2021-02-02 23:18:24,30.3,108.85,34.43,87,34,0.31
127,Laureles,US,2021-02-02 23:18:25,26.1092,-97.4941,66.99,59,1,12.66
128,Antofagasta,CL,2021-02-02 23:13:37,-23.65,-70.4,66.2,72,40,13.8
129,Aklavik,CA,2021-02-02 23:14:25,68.2191,-135.0107,-27.4,75,20,6.91
130,Bredasdorp,ZA,2021-02-02 23:18:25,-34.5322,20.0403,59.0,88,0,4.61
131,Bengkulu,ID,2021-02-02 23:18:25,-3.8004,102.2655,75.34,87,100,5.7
132,Hay River,CA,2021-02-02 23:18:25,60.8156,-115.7999,-13.0,77,100,10.36
133,Victoria,HK,2021-02-02 23:17:34,22.2855,114.1577,63.0,73,78,5.01
134,Vao,NC,2021-02-02 23:18:25,-22.6667,167.4833,79.14,76,100,41.96
135,Varkkallai,IN,2021-02-02 23:18:25,8.7341,76.7067,82.4,74,20,9.13
136,Inirida,CO,2021-02-02 23:18:25,3.8653,-67.9239,79.59,80,78,2.46
137,Malakal,SS,2021-02-02 23:18:26,9.5334,31.6605,79.83,22,1,4.47
138,Ossora,RU,2021-02-02 23:18:26,59.2353,163.0719,1.76,92,97,3.22
139,Nushki,PK,2021-02-02 23:18:26,29.5542,66.0215,46.81,48,0,2.53
140,Cherskiy,RU,2021-02-02 23:18:16,68.75,161.3,-4.18,86,0,1.19
141,Nanakuli,US,2021-02-02 23:18:26,21.3906,-158.1547,78.8,65,75,9.22
142,Tasiilaq,GL,2021-02-02 23:18:00,65.6145,-37.6368,19.4,93,90,4.61
143,Egvekinot,RU,2021-02-02 23:18:26,66.3167,-179.1667,0.46,91,100,12.68
144,Barra Do Garcas,BR,2021-02-02 23:18:26,-15.89,-52.2567,80.24,63,100,0.65
145,Kaitangata,NZ,2021-02-02 23:18:26,-46.2817,169.8464,69.01,63,92,8.99
146,Victor Harbor,AU,2021-02-02 23:18:27,-35.5667,138.6167,64.0,68,0,12.19
147,Klaksvik,FO,2021-02-02 23:18:27,62.2266,-6.589,35.6,75,20,11.5
148,Riyadh,SA,2021-02-02 23:18:27,24.6877,46.7219,60.8,31,0,5.75
149,Saskylakh,RU,2021-02-02 23:18:27,71.9167,114.0833,-3.23,91,100,13.98
150,Mount Gambier,AU,2021-02-02 23:18:27,-37.8333,140.7667,62.6,63,90,13.8
151,Byron Bay,AU,2021-02-02 23:16:44,-28.65,153.6167,73.4,88,90,11.5
152,Atar,MR,2021-02-02 23:18:27,20.5169,-13.0499,71.42,19,0,7.07
153,Camabatela,AO,2021-02-02 23:18:28,-8.1881,15.375,64.06,98,100,1.14
154,Hami,CN,2021-02-02 23:15:07,42.8,93.45,26.58,77,100,2.95
155,Havoysund,NO,2021-02-02 23:18:28,70.9963,24.6622,21.2,86,75,6.91
156,Dawlatabad,AF,2021-02-02 23:18:28,36.4141,64.9053,43.05,81,83,0.76
157,Tucurui,BR,2021-02-02 23:16:49,-3.7661,-49.6725,75.58,91,35,2.51
158,Whitehorse,CA,2021-02-02 23:18:28,60.7161,-135.0538,-9.0,64,20,4.61
159,Sao Filipe,CV,2021-02-02 23:18:28,14.8961,-24.4956,73.26,74,1,8.48
160,Bograd,RU,2021-02-02 23:18:29,54.2344,90.8328,-5.8,77,100,4.09
161,Laiyang,CN,2021-02-02 23:18:29,36.9758,120.7136,26.01,61,0,4.85
162,Dikson,RU,2021-02-02 23:14:34,73.5069,80.5464,-23.82,84,2,13.04
163,Iqaluit,CA,2021-02-02 23:18:29,63.7506,-68.5145,-18.4,69,90,3.44
164,Shilovo,RU,2021-02-02 23:18:29,54.3204,40.874,14.02,95,97,6.24
165,Esso,RU,2021-02-02 23:18:29,55.9333,158.7,6.33,89,100,3.76
166,Rawson,AR,2021-02-02 23:18:29,-43.3002,-65.1023,78.1,29,0,8.52
167,Lere,NG,2021-02-02 23:18:30,10.387,8.5726,68.04,24,0,4.63
168,Dong Hoi,VN,2021-02-02 23:18:30,17.4833,106.6,68.45,90,63,2.53
169,Susangerd,IR,2021-02-02 23:14:41,31.5608,48.1831,57.2,54,0,4.61
170,Jumla,NP,2021-02-02 23:15:07,29.2747,82.1838,32.56,75,0,3.91
171,Ashqelon,IL,2021-02-02 23:18:30,31.6693,34.5715,62.01,63,0,4.61
172,Umm Kaddadah,SD,2021-02-02 23:18:30,13.6017,26.6876,76.39,19,0,9.19
173,Khatanga,RU,2021-02-02 23:18:30,71.9667,102.5,-23.24,86,70,6.51
174,Kirakira,SB,2021-02-02 23:16:20,-10.4544,161.9205,82.0,82,87,14.29
175,Avarua,CK,2021-02-02 23:18:30,-21.2078,-159.775,84.2,74,78,4.61
176,Uniao,BR,2021-02-02 23:18:30,-4.5858,-42.8642,84.2,65,0,5.75
177,Korhogo,CI,2021-02-02 23:18:31,9.45,-5.6333,73.85,19,0,2.08
178,Sao Luiz Gonzaga,BR,2021-02-02 23:18:31,-28.4083,-54.9608,77.52,84,30,5.21
179,Lebyazhye,RU,2021-02-02 23:18:31,55.2689,66.4947,33.96,92,100,17.78
180,Chara,RU,2021-02-02 23:18:31,56.9064,118.2631,-30.78,67,12,2.55
181,Manado,ID,2021-02-02 23:18:31,1.487,124.8455,75.2,94,20,2.3
182,General Roca,AR,2021-02-02 23:15:12,-39.0333,-67.5833,86.0,28,0,3.44
183,Nabire,ID,2021-02-02 23:16:06,-3.3667,135.4833,77.41,85,100,2.44
184,Ilulissat,GL,2021-02-02 23:18:31,69.2167,-51.1,-5.8,77,20,21.85
185,Selenduma,RU,2021-02-02 23:18:31,50.9131,106.2406,-13.47,84,10,3.51
186,Touros,BR,2021-02-02 23:18:32,-5.1989,-35.4608,78.8,78,20,8.05
187,Polunochnoye,RU,2021-02-02 23:18:32,60.8697,60.4153,7.03,93,16,4.65
188,Thompson,CA,2021-02-02 23:15:54,55.7435,-97.8558,15.8,92,90,4.61
189,Silchar,IN,2021-02-02 23:18:32,24.8167,92.8,53.49,70,1,3.15
190,Abu Dhabi,AE,2021-02-02 23:14:04,24.4667,54.3667,62.6,82,20,6.91
191,Taft,IR,2021-02-02 23:18:32,31.7471,54.2088,42.8,33,0,4.61
192,Constitucion,CL,2021-02-02 23:18:22,-35.3333,-72.4167,63.36,73,11,6.15
193,Warwick,US,2021-02-02 23:18:32,41.7001,-71.4162,33.8,80,90,17.27
194,Manaure,CO,2021-02-02 23:18:32,11.7751,-72.4445,82.65,63,0,11.1
195,Charlestown,AU,2021-02-02 23:18:32,-32.95,151.6667,73.0,81,74,12.44
196,Beloha,MG,2021-02-02 23:18:33,-25.1667,45.05,77.94,84,18,12.66
197,Flin Flon,CA,2021-02-02 23:18:33,54.7682,-101.865,21.2,93,90,4.61
198,Pacific Grove,US,2021-02-02 23:18:33,36.6177,-121.9166,57.99,88,75,3.44
199,Dharchula,IN,2021-02-02 23:18:33,29.85,80.5333,45.0,43,0,6.44
200,Conceicao Do Araguaia,BR,2021-02-02 23:18:33,-8.2578,-49.2647,76.87,84,84,2.68
201,Lebu,CL,2021-02-02 23:15:05,-37.6167,-73.65,60.93,75,18,11.9
202,Khasan,RU,2021-02-02 23:18:33,42.4308,130.6434,5.88,83,0,12.3
203,Souillac,MU,2021-02-02 23:14:21,-20.5167,57.5167,78.8,78,40,6.91
204,Fortuna,US,2021-02-02 23:18:33,40.5982,-124.1573,54.0,71,1,11.5
205,Kourou,GF,2021-02-02 23:18:34,5.1552,-52.6478,78.8,94,75,8.05
206,Limbang,MY,2021-02-02 23:18:34,4.75,115.0,78.8,89,75,9.22
207,Oliveira,BR,2021-02-02 23:18:34,-20.6964,-44.8272,67.68,87,100,1.34
208,Chapais,CA,2021-02-02 23:17:40,49.7834,-74.8492,19.4,73,1,10.36
209,Khiri Mat,TH,2021-02-02 23:18:34,16.8333,99.8,78.01,99,55,2.04
210,Sioux Lookout,CA,2021-02-02 23:18:34,50.1001,-91.917,23.0,86,90,9.22
211,Bukama,CD,2021-02-02 23:18:34,-9.2,25.85,69.89,91,100,1.92
212,Korla,CN,2021-02-02 23:17:56,41.7597,86.1469,24.1,81,2,2.48
213,Pangnirtung,CA,2021-02-02 23:18:35,66.1451,-65.7125,-20.2,63,20,3.44
214,Kyzyl-Suu,KG,2021-02-02 23:18:35,42.3414,78.0056,24.69,79,11,9.13
215,Labuhan,ID,2021-02-02 23:18:35,-6.8844,112.2051,78.39,84,98,7.78
216,Adeje,ES,2021-02-02 23:18:35,28.1227,-16.726,64.4,77,75,6.91
217,Tres Arroyos,AR,2021-02-02 23:18:35,-38.3739,-60.2798,65.68,57,37,9.86
218,Saldanha,ZA,2021-02-02 23:18:35,-33.0117,17.9442,64.4,82,0,5.75
219,Amapa,BR,2021-02-02 23:18:36,1.0,-52.0,73.24,97,98,2.77
220,Yerbogachen,RU,2021-02-02 23:18:36,61.2767,108.0108,-36.67,81,31,4.68
221,Havre-Saint-Pierre,CA,2021-02-02 23:18:36,50.2334,-63.5986,24.8,50,90,10.36
222,Batticaloa,LK,2021-02-02 23:18:36,7.7102,81.6924,77.52,82,100,14.7
223,Omagari,JP,2021-02-02 23:18:36,39.45,140.4833,23.0,93,75,12.66
224,Alencon,FR,2021-02-02 23:18:36,48.4333,0.0833,53.6,82,90,6.91
225,Cozumel,MX,2021-02-02 23:18:36,20.5083,-86.9458,73.99,53,75,11.5
226,Goldsboro,US,2021-02-02 23:15:28,35.3849,-77.9928,42.8,45,1,17.27
227,Shenjiamen,CN,2021-02-02 23:18:37,29.9576,122.298,45.5,75,55,10.4
228,Carauari,BR,2021-02-02 23:18:37,-4.8828,-66.8958,74.79,96,100,2.39
229,Ajdabiya,LY,2021-02-02 23:18:37,30.7554,20.2263,58.12,70,33,5.19
230,Vysokogornyy,RU,2021-02-02 23:18:37,50.1167,139.15,-33.21,81,100,4.27
231,Havre,FR,2021-02-02 23:18:37,49.5833,0.3333,51.8,82,90,16.11
232,Olafsvik,IS,2021-02-02 23:14:58,64.8945,-23.7142,34.7,83,100,15.28
233,Itarantim,BR,2021-02-02 23:18:37,-15.6597,-40.0656,71.29,94,99,3.96
234,Khani,GE,2021-02-02 23:18:38,41.9563,42.9566,39.2,70,0,3.44
235,Tilichiki,RU,2021-02-02 23:18:38,60.4667,166.1,15.94,97,95,8.3
236,Port Hedland,AU,2021-02-02 23:18:38,-20.3167,118.5667,84.2,79,40,11.5
237,Hilo,US,2021-02-02 23:15:00,19.7297,-155.09,78.8,57,90,13.8
238,Port Hardy,CA,2021-02-02 23:18:38,50.6996,-127.4199,44.6,75,75,8.05
239,Iskateley,RU,2021-02-02 23:18:38,67.6803,53.1512,10.09,95,100,10.63
240,Iberia,US,2021-02-02 23:18:38,29.9502,-91.7507,57.2,50,1,9.22
241,Bitburg,DE,2021-02-02 23:18:38,49.9667,6.5333,48.99,93,90,10.36
242,Saint-Joseph,RE,2021-02-02 23:18:38,-21.3667,55.6167,78.8,73,75,5.75
243,Visby,SE,2021-02-02 23:18:39,57.6409,18.296,26.6,100,40,5.75
244,Clarence Town,AU,2021-02-02 23:18:39,-32.5833,151.7833,73.0,78,75,9.22
245,Riverton,US,2021-02-02 23:14:43,40.5219,-111.9391,55.4,58,40,6.91
246,Longyearbyen,SJ,2021-02-02 23:18:39,78.2186,15.6401,19.4,86,40,13.8
247,Beringovskiy,RU,2021-02-02 23:18:39,63.05,179.3167,9.91,95,100,9.82
248,Harper,LR,2021-02-02 23:18:39,4.375,-7.7169,78.37,89,10,4.54
249,Sorbhog,IN,2021-02-02 23:18:39,26.5,90.8667,58.37,62,0,3.8
250,Zaysan,KZ,2021-02-02 23:18:39,47.4667,84.8667,16.16,94,92,2.48
251,Kemijarvi,FI,2021-02-02 23:18:39,66.7131,27.4306,5.23,94,4,3.6
252,Kisangani,CD,2021-02-02 23:18:40,0.5167,25.2,74.75,64,58,1.95
253,Saint-Pierre,RE,2021-02-02 23:18:40,-21.3393,55.4781,78.8,73,75,5.75
254,Nara,JP,2021-02-02 23:16:35,34.6851,135.8049,39.2,48,75,18.41
255,Imbituba,BR,2021-02-02 23:18:40,-28.24,-48.6703,80.6,89,75,8.05
256,Erenhot,CN,2021-02-02 23:18:04,43.6475,111.9767,-2.58,84,35,8.9
257,Kangaatsiaq,GL,2021-02-02 23:18:40,68.3065,-53.4641,0.39,93,88,12.68
258,Ribeira Grande,PT,2021-02-02 23:18:40,38.5167,-28.7,57.42,64,45,34.61
259,Baykit,RU,2021-02-02 23:18:40,61.67,96.37,-9.9,86,100,2.06
260,Domoni,KM,2021-02-02 23:18:40,-12.2569,44.5319,80.44,77,81,3.2
261,Tandlianwala,PK,2021-02-02 23:18:40,31.0333,73.1333,52.32,44,0,5.37
262,Wanning,CN,2021-02-02 23:18:41,18.8003,110.3967,69.75,80,99,7.61
263,Sisimiut,GL,2021-02-02 23:18:41,66.9395,-53.6735,-5.21,81,0,11.63
264,Creel,MX,2021-02-02 23:18:41,27.75,-107.6333,61.57,31,100,8.55
265,Coahuayana,MX,2021-02-02 23:18:41,18.7333,-103.6833,84.2,48,40,6.91
266,Njombe,TZ,2021-02-02 23:18:41,-9.3333,34.7667,55.54,98,73,1.14
267,Kaeo,NZ,2021-02-02 23:15:49,-35.1,173.7833,72.73,52,3,6.44
268,Carutapera,BR,2021-02-02 23:18:41,-1.195,-46.02,78.82,81,71,7.45
269,Malartic,CA,2021-02-02 23:15:07,48.1335,-78.1328,15.8,86,20,12.66
270,Talnakh,RU,2021-02-02 23:15:33,69.4865,88.3972,-12.05,82,98,5.82
271,Gryfino,PL,2021-02-02 23:18:41,53.2524,14.4883,32.0,81,99,1.01
272,San Juan De Los Lagos,MX,2021-02-02 23:18:41,21.25,-102.3,75.2,13,75,4.61
273,San Quintin,MX,2021-02-02 23:18:42,30.4833,-115.95,65.62,61,87,15.08
274,Puerto Penasco,MX,2021-02-02 23:18:42,31.3167,-113.5333,68.83,48,82,2.71
275,Cayenne,GF,2021-02-02 23:18:42,4.9333,-52.3333,78.8,94,75,8.05
276,Komsomolskiy,UZ,2021-02-02 23:18:42,40.4272,71.7189,35.6,60,15,4.61
277,Micheweni,TZ,2021-02-02 23:18:42,-4.9667,39.8333,79.57,75,87,5.99
278,Nuevo Progreso,MX,2021-02-02 23:18:42,23.1667,-97.95,69.01,51,34,7.0
279,Whithorn,JM,2021-02-02 23:18:42,18.2604,-78.0378,73.99,73,75,14.97
280,Itabirito,BR,2021-02-02 23:18:42,-20.2533,-43.8014,80.6,50,40,6.91
281,Burnie,AU,2021-02-02 23:18:43,-41.0667,145.9167,64.0,57,76,5.01
282,Jiblah,YE,2021-02-02 23:18:43,13.9216,44.1467,56.1,42,1,2.93
283,Cidreira,BR,2021-02-02 23:18:43,-30.1811,-50.2056,77.83,87,15,12.19
284,Avera,US,2021-02-02 23:18:43,33.194,-82.5271,46.4,34,1,17.27
285,Tabas,IR,2021-02-02 23:18:43,33.5959,56.9244,44.6,36,0,4.61
286,Dzhida,RU,2021-02-02 23:18:43,50.6772,106.1806,-12.91,84,18,4.54
287,Khromtau,KZ,2021-02-02 23:18:43,50.2503,58.4347,31.59,97,100,17.0
288,Hofn,IS,2021-02-02 23:18:44,64.2539,-15.2082,31.15,96,100,15.46
289,Tete,MZ,2021-02-02 23:18:44,-16.1564,33.5867,82.4,78,40,6.91
290,Ortigueira,BR,2021-02-02 23:18:44,-24.2083,-50.9494,70.12,94,55,0.65
291,Brewster,US,2021-02-02 23:16:46,41.3973,-73.6171,30.99,86,90,10.36
292,Rawlins,US,2021-02-02 23:18:44,41.7911,-107.2387,42.8,52,1,18.41
293,Oktyabrskoye,RU,2021-02-02 23:18:44,43.0645,44.7417,30.2,86,47,4.47
294,Paragominas,BR,2021-02-02 23:18:44,-2.9667,-47.4833,76.46,85,72,4.16
295,Xichang,CN,2021-02-02 23:18:44,27.8964,102.2634,39.65,72,0,0.76
296,Kavieng,PG,2021-02-02 23:18:44,-2.5744,150.7967,83.53,74,92,11.03
297,Ponta Delgada,PT,2021-02-02 23:18:45,37.7333,-25.6667,55.4,71,40,28.77
298,Schmalkalden,DE,2021-02-02 23:18:45,50.7167,10.45,48.0,92,99,6.4
299,Filingue,NE,2021-02-02 23:18:45,14.3521,3.3168,72.82,16,0,8.41
300,Narsaq,GL,2021-02-02 23:18:45,60.9167,-46.05,23.0,54,40,3.44
301,Boende,CD,2021-02-02 23:18:45,-0.2167,20.8667,75.2,79,48,2.19
302,Raudeberg,NO,2021-02-02 23:18:45,61.9875,5.1352,26.01,86,0,8.05
303,Taoudenni,ML,2021-02-02 23:18:45,22.6783,-3.9836,71.53,22,94,12.26
304,Inhambane,MZ,2021-02-02 23:18:18,-23.865,35.3833,79.48,86,85,5.21
305,Karasjok,NO,2021-02-02 23:17:12,69.4719,25.5112,14.0,85,75,9.22
306,Soure,BR,2021-02-02 23:16:31,-0.7167,-48.5233,80.11,83,83,13.87
307,Ha Tinh,VN,2021-02-02 23:18:46,18.3333,105.9,65.59,91,63,2.42
308,Niquelandia,BR,2021-02-02 23:18:46,-14.4739,-48.4597,74.14,83,97,0.74
309,Beyneu,KZ,2021-02-02 23:18:46,45.3167,55.2,39.47,67,85,13.24
310,Koslan,RU,2021-02-02 23:15:32,63.4564,48.8989,11.3,95,71,9.13
311,Granja,BR,2021-02-02 23:18:46,-3.1203,-40.8261,78.49,70,15,9.73
312,Gilgit,PK,2021-02-02 23:18:46,35.9221,74.3087,36.01,69,100,3.36
313,Asau,RO,2021-02-02 23:16:27,46.4333,26.4,30.0,73,27,5.32
314,Saint Anthony,US,2021-02-02 23:13:50,45.0205,-93.218,25.0,74,90,4.61
315,Katsuura,JP,2021-02-02 23:18:47,35.1333,140.3,46.4,57,40,10.36
316,Tiznit,MA,2021-02-02 23:18:47,29.5833,-9.5,66.2,52,100,0.09
317,Necochea,AR,2021-02-02 23:17:46,-38.5473,-58.7368,64.99,69,25,8.21
318,Ornskoldsvik,SE,2021-02-02 23:18:47,63.2909,18.7153,8.6,92,90,8.05
319,Bethel,US,2021-02-02 23:18:47,41.3712,-73.414,28.4,86,90,10.36
320,Hambantota,LK,2021-02-02 23:18:47,6.1241,81.1185,76.37,81,12,14.79
321,Sorland,NO,2021-02-02 23:18:47,67.667,12.6934,31.84,86,100,12.66
322,Esperance,AU,2021-02-02 23:18:48,-33.8667,121.9,66.2,72,72,16.11
323,Vestmannaeyjar,IS,2021-02-02 23:18:48,63.4427,-20.2734,36.91,80,45,32.57
324,Biak,ID,2021-02-02 23:18:48,-0.9131,122.8766,76.62,83,100,4.0
325,Thinadhoo,MV,2021-02-02 23:18:48,0.5333,72.9333,82.56,69,98,5.46
326,Mulchen,CL,2021-02-02 23:18:48,-37.7167,-72.2333,87.8,22,0,9.22
327,Awjilah,LY,2021-02-02 23:18:48,29.1081,21.2869,51.44,56,2,1.43
328,Gibsons,CA,2021-02-02 23:15:05,49.3997,-123.5027,44.01,93,100,2.3
329,Geraldton,AU,2021-02-02 23:18:48,-28.7667,114.6,73.4,78,75,17.27
330,Cochrane,CA,2021-02-02 23:15:04,51.1834,-114.4687,17.01,92,75,8.05
331,Cartagena,CO,2021-02-02 23:17:08,10.3997,-75.5144,78.8,83,75,11.5
332,Douentza,ML,2021-02-02 23:18:49,14.9951,-2.9517,63.61,22,0,1.99
333,Les Cayes,HT,2021-02-02 23:18:49,18.2,-73.75,75.42,79,8,5.39
334,Sweetwater,US,2021-02-02 23:18:49,25.7634,-80.3731,60.8,39,1,11.5
335,Bitung,ID,2021-02-02 23:18:49,1.4451,125.1824,75.2,94,20,2.3
336,Clyde River,CA,2021-02-02 23:18:49,70.4692,-68.5914,-32.8,68,1,3.44
337,Gladstone,AU,2021-02-02 23:16:26,-23.85,151.25,80.6,61,75,10.36
338,Male,MV,2021-02-02 23:14:27,4.1748,73.5089,82.4,83,40,19.57
339,Santa Isabel,BR,2021-02-02 23:18:49,-23.3156,-46.2214,73.4,94,75,2.37
340,Waipawa,NZ,2021-02-02 23:18:49,-41.4122,175.5153,72.0,56,0,10.36
341,Sloboda,RU,2021-02-02 23:18:50,51.1421,40.3021,31.93,99,100,3.49
342,Itoman,JP,2021-02-02 23:18:50,26.1247,127.6694,59.0,55,20,9.22
343,Darhan,MN,2021-02-02 23:18:50,49.4867,105.9228,-5.13,84,73,6.13
344,Boguchany,RU,2021-02-02 23:18:50,58.3814,97.4531,-9.62,88,100,3.58
345,Pasaco,GT,2021-02-02 23:18:50,13.9772,-90.2064,89.6,41,0,9.22
346,Onega,RU,2021-02-02 23:18:50,63.9061,38.1404,2.37,94,87,5.53
347,Abay,KZ,2021-02-02 23:18:50,49.6311,72.8539,21.2,68,40,8.95
348,Kushima,JP,2021-02-02 23:18:50,31.4583,131.2333,39.2,56,20,17.27
349,Oranjemund,NA,2021-02-02 23:18:50,-28.55,16.4333,64.83,85,0,2.89
350,Tiksi,RU,2021-02-02 23:18:50,71.6872,128.8694,-1.17,93,100,13.96
351,Bilma,NE,2021-02-02 23:18:29,18.6853,12.9164,63.73,27,0,9.13
352,Sabha,LY,2021-02-02 23:18:51,27.0377,14.4283,51.84,57,1,6.96
353,Louisville,US,2021-02-02 23:17:38,38.2542,-85.7594,35.6,51,90,5.75
354,Vardo,NO,2021-02-02 23:18:51,70.3705,31.1107,21.2,73,40,18.41
355,Bourail,NC,2021-02-02 23:18:51,-21.5667,165.4833,70.59,92,100,27.13
356,Moree,AU,2021-02-02 23:18:51,-29.4667,149.85,78.8,50,0,10.36
357,San Patricio,US,2021-02-02 23:18:51,28.017,-97.5169,71.6,42,75,14.97
358,Samarai,PG,2021-02-02 23:18:51,-10.6167,150.6667,82.98,71,98,7.2
359,Yar-Sale,RU,2021-02-02 23:18:51,66.8333,70.8333,3.99,94,98,5.79
360,Erdenet,MN,2021-02-02 23:18:51,49.0333,104.0833,-2.56,84,3,3.89
361,Finschhafen,PG,2021-02-02 23:18:52,-6.6024,147.8681,83.61,74,100,10.98
362,Ahipara,NZ,2021-02-02 23:18:52,-35.1667,173.1667,71.55,57,0,4.65
363,Tivaouane,SN,2021-02-02 23:18:52,14.9515,-16.8129,68.0,68,0,16.11
364,Tarnogskiy Gorodok,RU,2021-02-02 23:18:52,60.4997,43.5761,6.49,95,9,5.26
365,Carnarvon,AU,2021-02-02 23:14:08,-24.8667,113.6333,73.4,100,90,20.71
366,Tabuk,PH,2021-02-02 23:18:52,17.4189,121.4443,68.07,90,96,5.28
367,Fairbanks,US,2021-02-02 23:14:41,64.8378,-147.7164,-7.6,59,1,5.75
368,Hasaki,JP,2021-02-02 23:14:45,35.7333,140.8333,32.0,86,20,2.3
369,North Platte,US,2021-02-02 23:14:36,41.1239,-100.7654,50.0,57,1,9.22
370,Major Isidoro,BR,2021-02-02 23:18:52,-9.5322,-36.985,79.14,66,94,16.51
371,Horodnytsya,UA,2021-02-02 23:18:53,50.807,27.3168,26.73,97,64,8.25
372,Karasburg,NA,2021-02-02 23:18:53,-28.0167,18.75,72.57,46,0,16.08
373,Polovragi,RO,2021-02-02 23:18:53,45.1833,23.8,36.54,82,47,2.98
374,Gasa,PS,2021-02-02 23:18:53,31.5,34.4667,62.01,55,87,11.54
375,Salalah,OM,2021-02-02 23:18:53,17.0151,54.0924,71.6,17,0,2.3
376,Santiago Del Estero,AR,2021-02-02 23:18:53,-27.7951,-64.2615,65.57,87,100,13.91
377,Sept-Iles,CA,2021-02-02 23:18:53,50.2001,-66.3821,28.4,59,100,6.91
378,Nenjiang,CN,2021-02-02 23:17:19,49.1833,125.2167,-25.58,78,0,3.04
379,Aktash,RU,2021-02-02 23:18:03,50.3,87.7333,1.51,84,0,4.0
380,El Campo,US,2021-02-02 23:18:54,29.1966,-96.2697,64.99,34,1,10.36
381,Kununurra,AU,2021-02-02 23:18:54,-15.7667,128.7333,82.4,89,97,3.44
382,Udomlya,RU,2021-02-02 23:18:54,57.8794,34.9925,15.94,96,100,7.23
383,Lisakovsk,KZ,2021-02-02 23:18:54,52.5369,62.4936,33.31,94,100,15.68
384,Hwange,ZW,2021-02-02 23:18:54,-18.3693,26.5019,69.76,95,100,4.07
385,Rio Das Ostras,BR,2021-02-02 23:18:44,-22.5269,-41.945,80.6,69,0,9.22
386,Goderich,CA,2021-02-02 23:15:00,43.7501,-81.7165,26.6,74,81,11.5
387,Gunjur,GM,2021-02-02 23:18:54,13.2019,-16.7339,71.6,78,0,2.3
388,Denpasar,ID,2021-02-02 23:18:54,-8.65,115.2167,80.6,83,40,11.5
389,Mehamn,NO,2021-02-02 23:18:55,71.0357,27.8492,26.6,63,75,28.77
390,Alyangula,AU,2021-02-02 23:18:55,-13.8483,136.4192,86.0,70,99,5.75
391,Benghazi,LY,2021-02-02 23:18:55,32.1167,20.0667,61.3,71,88,7.14
392,Broken Hill,AU,2021-02-02 23:18:55,-31.95,141.4333,68.0,37,0,12.66
393,Ketchikan,US,2021-02-02 23:18:26,55.3422,-131.6461,44.6,65,1,5.37
394,Murray Bridge,AU,2021-02-02 23:18:55,-35.1167,139.2667,63.0,67,0,6.64
395,Bom Jesus,BR,2021-02-02 23:18:55,-9.0744,-44.3586,74.97,83,67,2.55
396,Pevek,RU,2021-02-02 23:16:18,69.7008,170.3133,9.3,92,100,10.78
397,Marawi,PH,2021-02-02 23:18:55,7.9986,124.2928,73.0,91,100,5.99
398,Acarau,BR,2021-02-02 23:18:56,-2.8856,-40.12,78.84,77,3,14.41
399,Kabanjahe,ID,2021-02-02 23:18:56,3.1001,98.4908,73.4,100,40,2.3
400,Oksfjord,NO,2021-02-02 23:18:56,70.2396,22.3479,21.2,92,87,2.3
401,Orbetello,IT,2021-02-02 23:18:56,42.4408,11.2196,46.99,81,40,4.61
402,Prince Rupert,CA,2021-02-02 23:15:39,54.3161,-130.3201,46.4,49,20,8.05
403,Lang Suan,TH,2021-02-02 23:18:56,9.9456,99.0785,77.0,88,40,2.3
404,Plettenberg Bay,ZA,2021-02-02 23:18:56,-34.0527,23.3716,71.29,54,0,4.83
405,Beisfjord,NO,2021-02-02 23:18:56,68.3751,17.5988,10.4,85,90,3.44
406,Lata,PT,2021-02-02 23:18:56,40.1629,-8.3327,57.0,93,100,4.0
407,Dolni Dabnik,BG,2021-02-02 23:18:56,43.4,24.4333,37.4,100,90,1.32
408,Ulaangom,MN,2021-02-02 23:18:57,49.9811,92.0667,-15.38,87,35,1.14
409,Linhares,BR,2021-02-02 23:18:57,-19.3911,-40.0722,74.62,86,100,4.0
410,Caconda,AO,2021-02-02 23:18:57,-13.7333,15.0667,62.51,71,100,4.7
411,Saurimo,AO,2021-02-02 23:18:57,-9.6608,20.3916,64.9,96,100,3.13
412,Pilar,BR,2021-02-02 23:18:57,-9.5972,-35.9567,75.2,94,0,3.44
413,Kostomuksha,RU,2021-02-02 23:18:57,64.571,30.5767,0.01,92,0,1.68
414,Vallenar,CL,2021-02-02 23:18:57,-28.5708,-70.7581,75.52,35,56,5.73
415,Sterling,US,2021-02-02 23:17:39,39.0062,-77.4286,33.8,55,90,19.57
416,Kodinsk,RU,2021-02-02 23:18:57,58.6881,99.1844,-10.32,88,100,4.52
417,Nuqui,CO,2021-02-02 23:18:58,5.7125,-77.2708,80.51,80,79,5.14
418,Berestechko,UA,2021-02-02 23:18:58,50.3605,25.1107,33.01,91,98,3.0
419,Bilibino,RU,2021-02-02 23:18:58,68.0546,166.4372,-2.06,85,0,5.59
420,Bathsheba,BB,2021-02-02 23:18:29,13.2167,-59.5167,78.8,69,20,20.71
421,Nanortalik,GL,2021-02-02 23:18:58,60.1432,-45.2371,16.09,85,0,17.94
422,Creston,US,2021-02-02 23:18:58,41.0586,-94.3614,30.2,100,1,10.36
423,Oyama,JP,2021-02-02 23:18:58,36.3,139.8,44.01,75,20,4.61
424,Nkayi,CG,2021-02-02 23:18:58,-4.1841,13.2884,75.67,92,100,0.83
425,Port Angeles,US,2021-02-02 23:16:29,48.1181,-123.4307,46.0,81,90,3.22
426,Nagaur,IN,2021-02-02 23:18:58,27.2,73.7333,56.52,36,0,1.81
427,Liverpool,GB,2021-02-02 23:18:59,53.4106,-2.9779,46.99,93,75,6.91
428,Evensk,RU,2021-02-02 23:18:59,61.95,159.2333,11.53,93,100,11.7
429,Kuala Kangsar,MY,2021-02-02 23:18:59,4.7667,100.9333,73.4,88,20,3.44
430,Codrington,AU,2021-02-02 23:18:19,-38.2667,141.9667,62.92,67,48,9.89
431,Zhigansk,RU,2021-02-02 23:18:40,66.7697,123.3711,-32.37,84,100,13.62
432,Plouzane,FR,2021-02-02 23:18:59,48.3833,-4.6167,51.8,93,75,16.11
433,Amarante Do Maranhao,BR,2021-02-02 23:18:59,-5.5667,-46.7422,73.08,95,30,3.53
434,Kapit,MY,2021-02-02 23:18:59,2.0167,112.9333,73.2,94,90,1.23
435,Isangel,VU,2021-02-02 23:18:59,-19.55,169.2667,84.2,70,20,20.71
436,Ko Samui,TH,2021-02-02 23:18:53,9.5357,99.9357,80.69,79,29,12.59
437,Srednekolymsk,RU,2021-02-02 23:17:49,67.45,153.6833,-25.87,83,47,2.15
438,Uthal,PK,2021-02-02 23:19:00,25.8072,66.6219,61.11,76,0,3.98
439,Xining,CN,2021-02-02 23:19:00,36.6167,101.7667,17.44,62,97,2.42
440,Bonavista,CA,2021-02-02 23:19:00,48.6499,-53.1147,28.0,93,76,2.3
441,Faanui,PF,2021-02-02 23:19:00,-16.4833,-151.75,81.5,76,2,14.36
442,Sao Joao Da Barra,BR,2021-02-02 23:19:00,-21.6403,-41.0511,77.45,85,58,17.34
443,Kapiri Mposhi,ZM,2021-02-02 23:19:00,-13.9652,28.6809,63.54,97,99,3.8
444,Westport,US,2021-02-02 23:16:56,41.1415,-73.3579,33.8,80,90,6.91
445,Namatanai,PG,2021-02-02 23:19:00,-3.6667,152.4333,79.65,78,100,6.33
446,Vagur,FO,2021-02-02 23:19:01,61.4732,-6.8119,39.76,72,6,28.07
447,Champerico,GT,2021-02-02 23:19:01,14.3,-91.9167,87.8,58,20,9.22
448,Portland,US,2021-02-02 23:19:01,45.5234,-122.6762,48.2,71,75,11.5
449,Ewa Beach,US,2021-02-02 23:18:09,21.3156,-158.0072,78.8,65,75,9.22
450,Laguna,US,2021-02-02 23:16:21,38.421,-121.4238,60.01,82,75,8.05
451,Pedernales,DO,2021-02-02 23:19:01,18.0384,-71.744,78.46,73,63,4.36
452,Grindavik,IS,2021-02-02 23:19:01,63.8424,-22.4338,35.6,60,0,18.41
453,Gizo,SB,2021-02-02 23:19:01,-8.103,156.8419,83.1,76,100,11.65
454,Kitsuki,JP,2021-02-02 23:19:01,33.4167,131.6167,37.4,65,40,3.44
455,Porosozero,RU,2021-02-02 23:19:02,62.7191,32.727,2.82,93,1,2.28
456,Ekibastuz,KZ,2021-02-02 23:19:02,51.6667,75.3667,22.84,94,100,18.48
457,Fairmont,US,2021-02-02 23:15:59,39.4851,-80.1426,30.0,60,99,4.0
458,Kudahuvadhoo,MV,2021-02-02 23:19:02,2.6708,72.8944,82.22,73,98,10.89
459,Ous,RU,2021-02-02 23:19:02,60.9058,61.5186,5.76,92,0,5.86
460,Waddan,LY,2021-02-02 23:19:02,29.1614,16.139,46.0,93,30,6.53
461,Show Low,US,2021-02-02 23:19:02,34.2542,-110.0298,60.8,44,20,10.36
462,Chirongui,YT,2021-02-02 23:19:02,-12.9319,45.1483,82.4,78,0,5.75
463,Banes,CU,2021-02-02 23:19:02,20.9625,-75.7186,71.6,60,20,11.5
464,Urdoma,RU,2021-02-02 23:19:02,61.7533,48.5442,16.48,96,100,9.24
465,Kysyl-Syr,RU,2021-02-02 23:19:03,63.8986,122.7617,-35.14,81,100,8.57
466,Chicama,PE,2021-02-02 23:19:03,-7.8447,-79.1469,71.6,78,0,10.36
467,Catamarca,AR,2021-02-02 23:19:03,-28.4696,-65.7852,63.0,99,100,4.0
468,Sinnar,SD,2021-02-02 23:19:03,13.5691,33.5672,80.22,17,0,13.8
469,Vaasa,FI,2021-02-02 23:19:03,63.096,21.6158,-2.2,84,20,4.61
470,Ejido,VE,2021-02-02 23:19:03,8.5514,-71.2375,70.14,66,24,1.25
471,Save,BJ,2021-02-02 23:19:03,8.0425,2.486,81.21,67,39,7.07
472,Brazzaville,CG,2021-02-02 23:19:03,-4.2658,15.2832,77.0,88,20,2.3
473,Makakilo City,US,2021-02-02 23:19:03,21.3469,-158.0858,78.8,65,75,9.22
474,Wakkanai,JP,2021-02-02 23:19:03,45.4094,141.6739,6.67,95,100,32.37
475,Rocha,UY,2021-02-02 23:19:04,-34.4833,-54.3333,71.42,91,87,7.11
476,Katherine,AU,2021-02-02 23:19:04,-14.4667,132.2667,82.4,78,75,6.91
477,Wahpeton,US,2021-02-02 23:19:04,46.2652,-96.6059,24.8,80,1,16.11
478,Marsh Harbour,BS,2021-02-02 23:19:04,26.5412,-77.0636,59.02,69,8,28.19
479,Padang,ID,2021-02-02 23:15:27,-0.9492,100.3543,75.2,94,75,2.3
480,Kanata,CA,2021-02-02 23:19:04,45.3159,-75.8985,33.01,55,75,9.22
481,Vila Franca Do Campo,PT,2021-02-02 23:19:04,37.7167,-25.4333,55.4,71,40,28.77
482,Hamilton,US,2021-02-02 23:18:39,39.1834,-84.5333,30.99,64,20,17.27
483,Zhanaozen,KZ,2021-02-02 23:19:04,43.3,52.8,41.5,68,96,17.27
484,Tual,ID,2021-02-02 23:19:05,-5.6667,132.75,82.94,77,89,23.29
485,Lorengau,PG,2021-02-02 23:19:05,-2.0226,147.2712,83.55,75,76,9.64
486,Puerto Colombia,CO,2021-02-02 23:19:05,10.9878,-74.9547,78.8,78,75,10.36
487,Monterey,US,2021-02-02 23:19:05,36.2505,-121.2516,57.0,1,100,5.01
488,Hualmay,PE,2021-02-02 23:19:05,-11.0964,-77.6139,72.23,73,77,8.86
489,Sola,VU,2021-02-02 23:19:05,-13.8833,167.55,80.6,89,90,20.71
490,Yermekeyevo,RU,2021-02-02 23:19:05,54.0761,53.6712,20.95,96,100,5.95
491,Mahon,ES,2021-02-02 23:19:05,39.8885,4.2658,55.4,94,75,6.91
492,Weiser,US,2021-02-02 23:19:05,44.251,-116.9693,51.8,58,90,16.11
493,Noumea,NC,2021-02-02 23:18:42,-22.2763,166.4572,75.99,100,90,27.63
494,Goya,AR,2021-02-02 23:19:06,-29.14,-59.2626,73.69,89,86,11.36
495,Ancud,CL,2021-02-02 23:18:36,-41.8697,-73.8203,68.0,52,0,16.11
496,Roma,US,2021-02-02 23:19:06,43.2128,-75.4557,26.01,80,90,9.22
497,Kota Tinggi,MY,2021-02-02 23:19:06,1.7381,103.8999,77.0,88,20,3.44
498,Walvis Bay,NA,2021-02-02 23:19:06,-22.9575,14.5053,64.99,88,0,3.44
499,Koumac,NC,2021-02-02 23:19:06,-20.5667,164.2833,75.72,83,100,19.64
500,Luderitz,NA,2021-02-02 23:19:06,-26.6481,15.1594,65.1,84,1,8.77
501,Shieli,KZ,2021-02-02 23:19:06,44.1667,66.75,30.99,87,0,3.22
502,Viedma,AR,2021-02-02 23:19:06,-40.8135,-62.9967,73.99,40,46,13.85
503,Itarema,BR,2021-02-02 23:19:06,-2.9248,-39.9167,78.73,77,0,12.97
504,Birao,CF,2021-02-02 23:19:07,10.2849,22.7882,75.2,24,0,1.72
505,Ouesso,CG,2021-02-02 23:19:07,1.6136,16.0517,78.08,69,87,2.82
506,Biltine,TD,2021-02-02 23:19:07,14.5333,20.9167,70.88,19,0,8.86
507,Usinsk,RU,2021-02-02 23:19:07,65.9939,57.5281,10.51,95,99,16.42
508,Richards Bay,ZA,2021-02-02 23:18:32,-28.783,32.0377,68.07,84,100,3.96
509,Lasa,IT,2021-02-02 23:19:07,46.6166,10.7002,34.0,86,0,3.04
510,Lagoa,PT,2021-02-02 23:15:34,39.05,-27.9833,56.08,64,28,34.96
511,Shingu,JP,2021-02-02 23:19:07,33.7333,135.9833,41.0,52,40,17.27
512,Shache,CN,2021-02-02 23:19:07,38.4167,77.2406,26.8,79,100,0.54
513,Fuerte Olimpo,PY,2021-02-02 23:19:08,-21.0415,-57.8738,86.4,61,61,4.05
514,Niono,ML,2021-02-02 23:19:08,14.2526,-5.993,70.52,17,0,9.86
515,Maniitsoq,GL,2021-02-02 23:19:08,65.4167,-52.9,-1.82,78,0,7.63
516,Zhangjiakou,CN,2021-02-02 23:19:08,40.81,114.8794,16.59,69,100,4.83
517,Chernyshevskiy,RU,2021-02-02 23:19:08,63.0128,112.4714,-35.52,84,65,6.93
518,Wanaka,NZ,2021-02-02 23:19:08,-44.7,169.15,69.01,56,52,1.01
519,Rudnaya Pristan,RU,2021-02-02 23:19:08,44.3614,135.8116,-7.19,79,12,15.39
520,Palmer,US,2021-02-02 23:17:41,42.1584,-72.3287,33.8,86,90,10.36
521,Cockburn Town,TC,2021-02-02 23:19:08,21.4612,-71.1419,75.54,80,17,17.78
522,Yamada,JP,2021-02-02 23:19:09,39.4667,141.95,23.34,88,2,6.89
523,Alta Floresta,BR,2021-02-02 23:19:09,-9.8756,-56.0861,75.36,89,99,1.1
524,Dutse,NG,2021-02-02 23:19:09,11.7594,9.3392,70.9,20,0,8.66
525,Naryan-Mar,RU,2021-02-02 23:19:09,67.6713,53.087,10.17,95,100,10.89
526,Sinegorye,RU,2021-02-02 23:19:09,62.0788,150.477,-32.53,78,99,1.99
527,San Jeronimo,PE,2021-02-02 23:19:09,-11.9472,-75.2829,57.85,63,75,3.4
528,Igboho,NG,2021-02-02 23:19:09,8.8333,3.75,76.08,23,3,3.38
529,Semey,KZ,2021-02-02 23:19:09,50.4111,80.2275,12.22,93,79,6.73
530,Narrabri,AU,2021-02-02 23:19:09,-30.3167,149.7833,77.0,53,40,5.75
531,Vila Velha,BR,2021-02-02 23:19:10,-20.3297,-40.2925,79.0,78,0,9.22
532,Moyale,KE,2021-02-02 23:18:13,3.5167,39.0584,72.82,36,7,10.83
533,Mithi,PK,2021-02-02 23:18:29,24.7318,69.7981,61.7,62,0,9.17
534,Faya,SA,2021-02-02 23:19:10,18.3851,42.4509,57.2,62,0,2.71
535,Yatou,CN,2021-02-02 23:19:10,37.15,122.3833,27.05,84,0,7.02
536,Sao Jose Da Coroa Grande,BR,2021-02-02 23:16:10,-8.8978,-35.1478,78.66,76,31,9.75
537,Dubbo,AU,2021-02-02 23:19:10,-32.25,148.6167,73.4,56,12,16.11
538,Eureka,US,2021-02-02 23:15:25,40.8021,-124.1637,55.0,57,49,5.01
539,Kurumkan,RU,2021-02-02 23:19:10,54.3,110.3,-25.85,73,11,2.98
540,Saint-Georges,GD,2021-02-02 23:15:54,12.0564,-61.7485,80.6,74,40,16.58
541,San Pedro,PH,2021-02-02 23:19:11,14.35,121.0167,79.0,83,40,9.71
542,Santa Vitoria Do Palmar,BR,2021-02-02 23:19:11,-33.5189,-53.3681,73.51,88,35,7.05
543,Chamba,IN,2021-02-02 23:19:11,32.5667,76.1333,52.02,38,100,7.05
544,Bonthe,SL,2021-02-02 23:15:36,7.5264,-12.505,79.02,84,0,7.49
545,Matara,LK,2021-02-02 23:19:11,5.9485,80.5353,74.17,88,19,5.26
546,Fort Frances,CA,2021-02-02 23:19:11,48.5999,-93.4003,23.0,74,40,11.5
547,Funadhoo,MV,2021-02-02 23:14:27,6.15,73.2667,81.28,69,54,4.74
548,Manyana,BW,2021-02-02 23:19:11,-23.4,21.7167,67.78,93,96,5.79
549,Santo Tomas,PH,2021-02-02 23:19:12,14.1079,121.1414,79.0,83,40,9.01
550,Zeya,RU,2021-02-02 23:19:12,53.75,127.2667,-27.87,78,99,3.76
